operator,size,counter,wall_time,output_tuples
select,1000,1000,0.0009006999898701906,0
project,1000,,0.0019044000655412674,10
select,2000,2000,0.0017715999856591225,0
project,2000,,0.004229799844324589,10
select,4000,4000,0.003498899983242154,0
project,4000,,0.007652200059965253,10
select,8000,8000,0.006952600087970495,0
project,8000,,0.01563969999551773,10
select,16000,16000,0.013634700095281005,0
project,16000,,0.030696399975568056,10
select,32000,32000,0.0272834999486804,0
project,32000,,0.06142140016891062,10
select,64000,64000,0.06065240013413131,0
project,64000,,0.1257700000423938,10
